Type,Name,Request Count,Failure Count,Median Response Time,Average Response Time,Min Response Time,Max Response Time,Average Content Size,Requests/s,Failures/s,50%,66%,75%,80%,90%,95%,98%,99%,99.9%,99.99%,100%
GET,test_requests,12467,4400,18,248.60012928531253,0.8334999993167003,2917.5427999998647,1322.6812384695597,496.8433433301134,175.3517855660944,18,46,240,450,990,1400,1600,1700,2400,2900,2900
,Aggregated,12467,4400,18,248.60012928531253,0.8334999993167003,2917.5427999998647,1322.6812384695597,496.8433433301134,175.3517855660944,18,46,240,450,990,1400,1600,1700,2400,2900,2900
