Type,Name,Request Count,Failure Count,Median Response Time,Average Response Time,Min Response Time,Max Response Time,Average Content Size,Requests/s,Failures/s,50%,66%,75%,80%,90%,95%,98%,99%,99.9%,99.99%,100%
GET,test_requests,8792,3014,190.0,380.2770273316649,2.813199999764038,2840.6310000000303,1354.0415150136487,323.29615259445666,110.82968652407784,190,360,620,760,1100,1400,1600,1700,1900,2800,2800
,Aggregated,8792,3014,190.0,380.2770273316649,2.813199999764038,2840.6310000000303,1354.0415150136487,323.29615259445666,110.82968652407784,190,360,620,760,1100,1400,1600,1700,1900,2800,2800
