Type,Name,Request Count,Failure Count,Median Response Time,Average Response Time,Min Response Time,Max Response Time,Average Content Size,Requests/s,Failures/s,50%,66%,75%,80%,90%,95%,98%,99%,99.9%,99.99%,100%
GET,test_requests,12639,4205,11,230.3131409209587,0.6877999999232998,3823.259499999949,1368.112113300103,503.5153667771567,167.5197497664328,11,22,38,58,770,1900,2700,2800,3200,3500,3800
,Aggregated,12639,4205,11,230.3131409209587,0.6877999999232998,3823.259499999949,1368.112113300103,503.5153667771567,167.5197497664328,11,22,38,58,770,1900,2700,2800,3200,3500,3800
