Type,Name,Request Count,Failure Count,Median Response Time,Average Response Time,Min Response Time,Max Response Time,Average Content Size,Requests/s,Failures/s,50%,66%,75%,80%,90%,95%,98%,99%,99.9%,99.99%,100%
GET,test_requests,17170,6175,9,168.8073300582398,0.5790000000160944,2725.135399999999,1324.911939429237,712.3265895201912,256.18035470513576,9,23,52,140,710,1100,1300,1500,2300,2700,2700
,Aggregated,17170,6175,9,168.8073300582398,0.5790000000160944,2725.135399999999,1324.911939429237,712.3265895201912,256.18035470513576,9,23,52,140,710,1100,1300,1500,2300,2700,2700
